arch,optimizer,seed,rep,block_size,d_full,kinematic_R,geo_Lobs,geo_null_med,geo_null_max,geo_TSR,geo_pperm,geo_pct,geo_zrob,geo_delta,geo_zero_frac,geo_null_collapsed,geo_zrob_collapsed,geo_fallback,geo_separation_flag,geo_formal_trigger,geo_nominal_trigger,euc_Lobs,euc_null_med,euc_null_max,euc_TSR,euc_pperm,euc_pct,euc_zrob,euc_delta,euc_zero_frac,euc_null_collapsed,euc_zrob_collapsed,euc_fallback,euc_separation_flag,euc_formal_trigger,euc_nominal_trigger,decision,elapsed_sec
resnet18_cifar10,sgd_momentum,21142,1,1,11173962,5.802696510079244,0.002159245079383254,7.915310561656952e-06,0.05980376899242401,272.7934412390014,0.19900497512437812,80.5,183.32218784771612,-0.05764452391304076,0.34,False,False,False,False,False,False,0.01930980756878853,0.0026792502030730247,0.5760611295700073,7.207168460576602,0.3582089552238806,64.5,4.186677770987857,-0.5567513220012188,0.205,False,False,False,False,False,False,matched_step_non_detection,2718.504843711853
resnet18_cifar10,sgd_momentum,21142,1,5,11173962,5.802696510079244,0.002159245079383254,0.00022523972438648343,0.022999867796897888,9.58643097117197,0.024875621890547265,98.0,14.404441102297843,-0.020840622717514634,0.0,False,False,False,False,True,True,0.01930980756878853,0.004048118367791176,0.928824445232749,4.770069896586226,0.07960199004975124,92.5,5.823905328891248,-0.9095146376639605,0.0,False,False,False,False,False,False,block_diagnostic_trigger,2698.6334733963013
resnet18_cifar10,sgd_momentum,21142,1,10,11173962,5.802696510079244,0.002159245079383254,0.0002950087655335665,0.0213808324187994,7.31925733853598,0.014925373134328358,99.0,16.29548492564572,-0.019221587339416146,0.0,False,False,False,False,True,True,0.01930980756878853,0.005036229267716408,0.3931211503222585,3.8341796090848046,0.05472636815920398,95.0,5.636191297891667,-0.37381134275346994,0.0,False,False,False,False,False,False,block_diagnostic_trigger,2700.673797607422
resnet18_cifar10,sgd_momentum,21142,1,20,11173962,5.802696510079244,0.002159245079383254,0.0003436689148657024,0.011843529529869556,6.282922253658331,0.01990049751243781,98.5,12.617048419471091,-0.009684284450486302,0.0,False,False,False,False,True,True,0.01930980756878853,0.005173508543521166,0.18618778884410858,3.7324394852383,0.029850746268656716,97.5,6.182150802885645,-0.16687798127532005,0.0,False,False,False,False,True,True,block_diagnostic_trigger,2711.34046459198
