arch,optimizer,seed,rep,block_size,d_full,kinematic_R,geo_Lobs,geo_null_med,geo_null_max,geo_TSR,geo_pperm,geo_pct,geo_zrob,geo_delta,geo_zero_frac,geo_null_collapsed,geo_zrob_collapsed,geo_fallback,geo_separation_flag,geo_formal_trigger,geo_nominal_trigger,euc_Lobs,euc_null_med,euc_null_max,euc_TSR,euc_pperm,euc_pct,euc_zrob,euc_delta,euc_zero_frac,euc_null_collapsed,euc_zrob_collapsed,euc_fallback,euc_separation_flag,euc_formal_trigger,euc_nominal_trigger,decision,elapsed_sec
mlp2_mnist,adamw,2342,2,1,203530,2.333590152924058,0.0015902610030025244,0.004401196958497167,0.09853485226631165,0.3613246618220445,0.8308457711442786,17.0,-1.1052992518928677,-0.09694459126330912,0.12,False,False,False,False,False,False,0.008088096044957638,0.05516418442130089,1.1148289442062378,0.14661861005757773,1.0,0.0,-1.2521240545145307,-1.1067408481612802,0.0,False,False,False,False,False,False,matched_step_non_detection,68.38442301750183
mlp2_mnist,adamw,2342,2,5,203530,2.333590152924058,0.0015902610030025244,0.00037116091698408127,0.17331767082214355,4.284559407924325,0.10945273631840796,89.5,3.106482145733988,-0.17172740981914103,0.205,False,False,False,False,False,False,0.008088096044957638,0.010160498321056366,0.577713668346405,0.796033401964157,0.572139303482587,43.0,-0.20392156306776088,-0.5696255723014474,0.015,False,False,False,False,False,False,block_diagnostic_non_trigger,68.25746750831604
mlp2_mnist,adamw,2342,2,10,203530,2.333590152924058,0.0015902610030025244,0.0004454478621482849,0.07002151012420654,3.5700272345298987,0.04975124378109453,95.5,4.147623717539629,-0.06843124912120402,0.065,False,False,False,False,True,True,0.008088096044957638,0.005643900949507952,0.3522412180900574,1.433068389378752,0.32338308457711445,68.0,0.6846696207098383,-0.34415312204509974,0.01,False,False,False,False,False,False,block_diagnostic_trigger,67.92209386825562
mlp2_mnist,adamw,2342,2,20,203530,2.333590152924058,0.0015902610030025244,0.0005741432541981339,0.01989924907684326,2.7697982839731057,0.03482587064676617,97.0,2.5368327279776626,-0.018308988073840737,0.04,False,False,False,False,True,True,0.008088096044957638,0.006056680344045162,0.016634568572044373,1.3354008440571463,0.3383084577114428,66.5,0.6744907594765952,-0.008546472527086735,0.005,False,False,False,False,False,False,block_diagnostic_trigger,68.37397050857544
