arch,optimizer,seed,rep,block_size,d_full,kinematic_R,geo_Lobs,geo_null_med,geo_null_max,geo_TSR,geo_pperm,geo_pct,geo_zrob,geo_delta,geo_zero_frac,geo_null_collapsed,geo_zrob_collapsed,geo_fallback,geo_separation_flag,geo_formal_trigger,geo_nominal_trigger,euc_Lobs,euc_null_med,euc_null_max,euc_TSR,euc_pperm,euc_pct,euc_zrob,euc_delta,euc_zero_frac,euc_null_collapsed,euc_zrob_collapsed,euc_fallback,euc_separation_flag,euc_formal_trigger,euc_nominal_trigger,decision,elapsed_sec
smallcnn_cifar10,adam,12242,2,1,321290,5.925733613983587,0.0005344339879229665,0.007826993241906166,0.03330669552087784,0.06828088019717402,0.6119402985074627,39.0,-0.6284359367287887,-0.03277226153295487,0.38,False,False,False,False,False,False,0.016176192089915276,0.32259494066238403,2.18969814106822,0.050143973295584135,0.7860696517412935,21.5,-0.6532340046450817,-2.173521948978305,0.13,False,False,False,False,False,False,matched_step_non_detection,95.15191864967346
smallcnn_cifar10,adam,12242,2,5,321290,5.925733613983587,0.0005344339879229665,0.0,0.02791745215654373,534433987.9229665,0.04975124378109453,95.5,534.4339879229665,-0.027383018168620765,0.535,False,True,False,False,True,True,0.016176192089915276,0.001844281330704689,2.3030898813158274,8.77100028712184,0.13930348258706468,86.5,5.241467888761379,-2.286913689225912,0.29,False,False,False,False,False,False,block_diagnostic_trigger,95.12507486343384
smallcnn_cifar10,adam,12242,2,10,321290,5.925733613983587,0.0005344339879229665,0.0001226767635671422,0.0005152528756298125,4.356440193126104,0.004975124378109453,100.0,4.574698294339504,1.9181112293154e-05,0.19,False,False,False,False,True,True,0.016176192089915276,0.004186706617474556,0.016176192089915276,3.8637032789771015,0.014925373134328358,99.0,3.5384913921332872,0.0,0.145,False,False,False,False,True,True,block_diagnostic_trigger,95.14052820205688
smallcnn_cifar10,adam,12242,2,20,321290,5.925733613983587,0.0005344339879229665,0.0001238373515661806,0.0006602322100661695,4.315612186859023,0.009950248756218905,99.5,3.561379014606734,-0.00012579822214320302,0.155,False,False,False,False,True,True,0.016176192089915276,0.004186706617474556,0.0220970856025815,3.8637032789771015,0.029850746268656716,97.5,3.3266858105917523,-0.005920893512666225,0.145,False,False,False,False,True,True,block_diagnostic_trigger,95.23345017433167
