arch,optimizer,seed,rep,block_size,d_full,kinematic_R,geo_Lobs,geo_null_med,geo_null_max,geo_TSR,geo_pperm,geo_pct,geo_zrob,geo_delta,geo_zero_frac,geo_null_collapsed,geo_zrob_collapsed,geo_fallback,geo_separation_flag,geo_formal_trigger,geo_nominal_trigger,euc_Lobs,euc_null_med,euc_null_max,euc_TSR,euc_pperm,euc_pct,euc_zrob,euc_delta,euc_zero_frac,euc_null_collapsed,euc_zrob_collapsed,euc_fallback,euc_separation_flag,euc_formal_trigger,euc_nominal_trigger,decision,elapsed_sec
smallcnn_cifar10,sgd,11042,1,1,321290,2.0229271016983743,0.0018053827807307243,0.021292351186275482,0.06306188553571701,0.084790203057032,0.9850746268656716,1.5,-2.4243583639241058,-0.061256502754986286,0.01,False,False,False,False,False,False,0.004044048022478819,0.05335685145109892,0.15618467330932617,0.07579247861184914,1.0,0.0,-2.43218929459347,-0.15214062528684735,0.0,False,False,False,False,False,False,matched_step_non_detection,95.70582723617554
smallcnn_cifar10,sgd,11042,1,5,321290,2.0229271016983743,0.0018053827807307243,0.001653869985602796,0.040323879569768906,1.0916110669854706,0.46766169154228854,53.5,0.18632601253099385,-0.03851849678903818,0.035,False,False,False,False,False,False,0.004044048022478819,0.01779695227742195,0.11888496577739716,0.22723261596773822,0.8109452736318408,19.0,-0.6370623447516569,-0.11484091775491834,0.0,False,False,False,False,False,False,block_diagnostic_non_trigger,95.59325289726257
smallcnn_cifar10,sgd,11042,1,10,321290,2.0229271016983743,0.0018053827807307243,0.0016526845283806324,0.01964411698281765,1.0923940707591169,0.43781094527363185,56.5,0.31296567083649085,-0.017838734202086926,0.005,False,False,False,False,False,False,0.004044048022478819,0.005524271633476019,0.15402848925441504,0.7320509001115402,0.8208955223880597,18.0,-0.43631884045443514,-0.14998444123193622,0.0,False,False,False,False,False,False,block_diagnostic_non_trigger,95.56918358802795
smallcnn_cifar10,sgd,11042,1,20,321290,2.0229271016983743,0.0018053827807307243,0.001714089245069772,0.0032108216546475887,1.0532606659018944,0.3681592039800995,63.5,0.27734726168444757,-0.0014054388739168644,0.0,False,False,False,False,False,False,0.004044048022478819,0.00413210759870708,0.05638378579169512,0.9786889438129579,0.7960199004975125,20.5,-0.06488302506973978,-0.0523397377692163,0.0,False,False,False,False,False,False,block_diagnostic_non_trigger,95.58633255958557
