arch,optimizer,seed,rep,block_size,d_full,kinematic_R,geo_Lobs,geo_null_med,geo_null_max,geo_TSR,geo_pperm,geo_pct,geo_zrob,geo_delta,geo_zero_frac,geo_null_collapsed,geo_zrob_collapsed,geo_fallback,geo_separation_flag,geo_formal_trigger,geo_nominal_trigger,euc_Lobs,euc_null_med,euc_null_max,euc_TSR,euc_pperm,euc_pct,euc_zrob,euc_delta,euc_zero_frac,euc_null_collapsed,euc_zrob_collapsed,euc_fallback,euc_separation_flag,euc_formal_trigger,euc_nominal_trigger,decision,elapsed_sec
mlp2_mnist,adam,2242,2,1,203530,1.8391112808201417,0.0012788311578333378,0.007041557226330042,0.05298396199941635,0.1816119810643411,0.8756218905472637,12.5,-1.9665720649070326,-0.051705130841583014,0.115,False,False,False,False,False,False,0.012944173067808151,0.08654177188873291,0.6035860776901245,0.1495713894591961,1.0,0.0,-2.6144914089806672,-0.5906419046223164,0.0,False,False,False,False,False,False,matched_step_non_detection,67.34975361824036
mlp2_mnist,adam,2242,2,5,203530,1.8391112808201417,0.0012788311578333378,0.0005286360392346978,0.0383770614862442,2.419114590192483,0.22885572139303484,77.5,1.3920390476411046,-0.037098230328410864,0.14,False,False,False,False,False,False,0.012944173067808151,0.025592081248760223,1.2965959310531616,0.5057882139980088,0.5970149253731343,40.5,-0.3990795843995258,-1.2836517579853535,0.005,False,False,False,False,False,False,block_diagnostic_non_trigger,66.11560940742493
mlp2_mnist,adam,2242,2,10,203530,1.8391112808201417,0.0012788311578333378,0.0006208714912645519,0.007269280031323433,2.059735667954345,0.14427860696517414,86.0,1.608943416286541,-0.005990448873490095,0.04,False,False,False,False,False,False,0.012944173067808151,0.007926654070615768,1.2976188659667969,1.632993309769807,0.3283582089552239,67.5,0.7214988283532621,-1.2846746928989887,0.005,False,False,False,False,False,False,block_diagnostic_non_trigger,66.23294758796692
mlp2_mnist,adam,2242,2,20,203530,1.8391112808201417,0.0012788311578333378,0.0007182054105214775,0.00279845017939806,1.7805924841532543,0.1890547263681592,81.5,1.0662859310460482,-0.001519619021564722,0.06,False,False,False,False,False,False,0.012944173067808151,0.007838133256882429,0.02557680383324623,1.6514356980076634,0.17412935323383086,83.0,0.820777629450679,-0.01263263076543808,0.025,False,False,False,False,False,False,block_diagnostic_non_trigger,66.3264491558075
