arch,optimizer,seed,rep,block_size,d_full,kinematic_R,geo_Lobs,geo_null_med,geo_null_max,geo_TSR,geo_pperm,geo_pct,geo_zrob,geo_delta,geo_zero_frac,geo_null_collapsed,geo_zrob_collapsed,geo_fallback,geo_separation_flag,geo_formal_trigger,geo_nominal_trigger,euc_Lobs,euc_null_med,euc_null_max,euc_TSR,euc_pperm,euc_pct,euc_zrob,euc_delta,euc_zero_frac,euc_null_collapsed,euc_zrob_collapsed,euc_fallback,euc_separation_flag,euc_formal_trigger,euc_nominal_trigger,decision,elapsed_sec
mlp2_mnist,adamw,1342,1,1,203530,2.2420301447014643,0.001321788877248764,0.0058776312507689,0.11883565783500671,0.22488462113899466,0.8656716417910447,13.5,-2.5344980204493455,-0.11751386895775795,0.115,False,False,False,False,False,False,0.006472086533904076,0.07151173800230026,1.387986660003662,0.0905038349593096,1.0,0.0,-3.2703773195140275,-1.381514573469758,0.0,False,False,False,False,False,False,matched_step_non_detection,68.17811918258667
mlp2_mnist,adamw,1342,1,5,203530,2.2420301447014643,0.001321788877248764,0.00046122976345941424,0.0548534095287323,2.865792667994813,0.14925373134328357,85.5,1.8180909746412923,-0.053531620651483536,0.18,False,False,False,False,False,False,0.006472086533904076,0.021364204585552216,1.3951749801635742,0.3029406738586447,0.7562189054726368,24.5,-0.5870564383178861,-1.3887028936296701,0.0,False,False,False,False,False,False,block_diagnostic_non_trigger,67.41894125938416
mlp2_mnist,adamw,1342,1,10,203530,2.2420301447014643,0.001321788877248764,0.0005102079594507813,0.004760525189340115,2.5906865037560975,0.0845771144278607,92.0,2.2665407106942794,-0.0034387363120913506,0.07,False,False,False,False,False,False,0.006472086533904076,0.006472086533904076,1.2342550875619054,0.9999999998454903,0.5373134328358209,46.5,0.0,-1.2277830010280013,0.015,False,False,False,False,False,False,block_diagnostic_non_trigger,67.9384503364563
mlp2_mnist,adamw,1342,1,20,203530,2.2420301447014643,0.001321788877248764,0.0005532731302082539,0.0027453158982098103,2.3890350040353545,0.0845771144278607,92.0,2.0377562505843874,-0.0014235270209610462,0.02,False,False,False,False,False,False,0.006472086533904076,0.008088096044957638,0.019313562661409378,0.8001990205270584,0.6218905472636815,38.0,-0.3491422705556243,-0.012841476127505302,0.0,False,False,False,False,False,False,block_diagnostic_non_trigger,67.72656178474426
