arch,optimizer,seed,rep,block_size,d_full,kinematic_R,geo_Lobs,geo_null_med,geo_null_max,geo_TSR,geo_pperm,geo_pct,geo_zrob,geo_delta,geo_zero_frac,geo_null_collapsed,geo_zrob_collapsed,geo_fallback,geo_separation_flag,geo_formal_trigger,geo_nominal_trigger,euc_Lobs,euc_null_med,euc_null_max,euc_TSR,euc_pperm,euc_pct,euc_zrob,euc_delta,euc_zero_frac,euc_null_collapsed,euc_zrob_collapsed,euc_fallback,euc_separation_flag,euc_formal_trigger,euc_nominal_trigger,decision,elapsed_sec
smallcnn_cifar10,sgd_momentum,11142,1,1,321290,4.104092807785076,0.0007846883963793516,0.015316803008317947,0.0461108461022377,0.0512305600523809,0.8407960199004975,16.0,-1.2778656223251479,-0.04532615770585835,0.15,False,False,False,False,False,False,0.008088096044957638,0.20630154013633728,0.6193280071020126,0.03920521407437531,0.9601990049751243,4.0,-1.4314971873155493,-0.611239911057055,0.01,False,False,False,False,False,False,matched_step_non_detection,95.27288174629211
smallcnn_cifar10,sgd_momentum,11142,1,5,321290,4.104092807785076,0.0007846883963793516,0.00023756365408189595,0.03927658498287201,3.3030658503248063,0.1890547263681592,81.5,1.8581249193568556,-0.03849189658649266,0.235,False,False,False,False,False,False,0.008088096044957638,0.003963327035307884,0.7795631885528564,2.040733951769033,0.373134328358209,63.0,0.7285831970699362,-0.7714750925078988,0.065,False,False,False,False,False,False,block_diagnostic_non_trigger,95.2041003704071
smallcnn_cifar10,sgd_momentum,11142,1,10,321290,4.104092807785076,0.0007846883963793516,0.0002883061533793807,0.0008289307588711381,2.721719201827318,0.014925373134328358,99.0,3.614530083534426,-4.424236249178648e-05,0.01,False,False,False,False,True,True,0.008088096044957638,0.004044048022478819,0.5164286494255066,1.9999999995054458,0.10945273631840796,89.5,1.7474502459873686,-0.508340553380549,0.005,False,False,False,False,False,False,block_diagnostic_trigger,95.27263617515564
smallcnn_cifar10,sgd_momentum,11142,1,20,321290,4.104092807785076,0.0007846883963793516,0.00031930580735206604,0.0011453218758106232,2.457482375372751,0.03482587064676617,97.0,2.293569420553583,-0.00036063347943127155,0.0,False,False,False,False,True,True,0.008088096044957638,0.0040036875288933516,0.012857431545853615,2.0201616596121035,0.13432835820895522,87.0,1.605923278411272,-0.004769335500895977,0.0,False,False,False,False,False,False,block_diagnostic_trigger,95.34471845626831
