arch,optimizer,seed,rep,block_size,d_full,kinematic_R,geo_Lobs,geo_null_med,geo_null_max,geo_TSR,geo_pperm,geo_pct,geo_zrob,geo_delta,geo_zero_frac,geo_null_collapsed,geo_zrob_collapsed,geo_fallback,geo_separation_flag,geo_formal_trigger,geo_nominal_trigger,euc_Lobs,euc_null_med,euc_null_max,euc_TSR,euc_pperm,euc_pct,euc_zrob,euc_delta,euc_zero_frac,euc_null_collapsed,euc_zrob_collapsed,euc_fallback,euc_separation_flag,euc_formal_trigger,euc_nominal_trigger,decision,elapsed_sec
resnet18_cifar10,adam,20242,0,1,11173962,8.632819760441034,4.562461981549859e-06,0.0,0.025543395429849625,4562461.981549859,0.31343283582089554,69.0,4.562461981549859,-0.025538832967868075,0.69,False,True,False,False,False,False,0.0008823759853839874,0.018588542938232422,6.2490386962890625,0.04746880851654441,0.5572139303482587,44.5,-0.6424734867670997,-6.2481563203036785,0.425,False,False,False,False,False,False,matched_step_non_detection,2792.264070749283
resnet18_cifar10,adam,20242,0,5,11173962,8.632819760441034,4.562461981549859e-06,0.0,0.026318281888961792,4562461.981549859,0.24378109452736318,76.0,4.562461981549859,-0.026313719426980242,0.72,True,True,False,False,False,False,0.0008823759853839874,0.0,14.643870312720537,882375985.3839874,0.32338308457711445,68.0,882.3759853839874,-14.642987936735153,0.52,False,True,False,False,False,False,block_diagnostic_non_trigger,2790.352248430252
resnet18_cifar10,adam,20242,0,10,11173962,8.632819760441034,4.562461981549859e-06,0.0,8.2702114013955e-05,4562461.981549859,0.32338308457711445,68.0,4.562461981549859,-7.813965203240514e-05,0.625,False,True,False,False,False,False,0.0008823759853839874,0.0,0.025885779410600662,882375985.3839874,0.39800995024875624,60.5,882.3759853839874,-0.025003403425216675,0.515,False,True,False,False,False,False,block_diagnostic_non_trigger,2691.1606051921844
resnet18_cifar10,adam,20242,0,20,11173962,8.632819760441034,4.562461981549859e-06,0.0,9.543611668050289e-05,4562461.981549859,0.3333333333333333,67.0,4.562461981549859,-9.087365469895303e-05,0.595,False,True,False,False,False,False,0.0008823759853839874,0.00017399713397026062,0.02597746253013611,5.0712098537415695,0.4228855721393035,58.0,2.745993445897028,-0.02509508654475212,0.465,False,False,False,False,False,False,block_diagnostic_non_trigger,2688.52392745018
