arch,optimizer,seed,rep,block_size,d_full,kinematic_R,geo_Lobs,geo_null_med,geo_null_max,geo_TSR,geo_pperm,geo_pct,geo_zrob,geo_delta,geo_zero_frac,geo_null_collapsed,geo_zrob_collapsed,geo_fallback,geo_separation_flag,geo_formal_trigger,geo_nominal_trigger,euc_Lobs,euc_null_med,euc_null_max,euc_TSR,euc_pperm,euc_pct,euc_zrob,euc_delta,euc_zero_frac,euc_null_collapsed,euc_zrob_collapsed,euc_fallback,euc_separation_flag,euc_formal_trigger,euc_nominal_trigger,decision,elapsed_sec
smallcnn_cifar10,adamw,11342,1,1,321290,6.021956368902862,0.00020023691467940807,0.012762313708662987,0.05331522226333618,0.01568970323365415,0.6965174129353234,30.5,-0.8109167659161217,-0.053114985348656774,0.3,False,False,False,False,False,False,0.0059208944439888,0.46831393241882324,1.935760259628296,0.012643002981771154,0.845771144278607,15.5,-0.8846360348871894,-1.929839365184307,0.095,False,False,False,False,False,False,matched_step_non_detection,95.21895813941956
smallcnn_cifar10,adamw,11342,1,5,321290,6.021956368902862,0.00020023691467940807,5.8154400903731585e-05,0.025768186897039413,3.4431944637807286,0.1691542288557214,83.5,1.6479121293595944,-0.025567949982360005,0.455,False,False,False,False,False,False,0.0059208944439888,0.003688562661409378,2.1066000582650304,1.6052037028757584,0.34328358208955223,66.0,0.41112077121693197,-2.1006791638210416,0.185,False,False,False,False,False,False,block_diagnostic_non_trigger,95.09752178192139
smallcnn_cifar10,adamw,11342,1,10,321290,6.021956368902862,0.00020023691467940807,0.0001247759792022407,0.00045836091157980263,1.6047713218109607,0.25870646766169153,74.5,0.7988601019864645,-0.00025812399690039456,0.18,False,False,False,False,False,False,0.0059208944439888,0.004576456733047962,0.17368360795080662,1.293772625432789,0.34328358208955223,66.0,0.4465286358499685,-0.16776271350681782,0.135,False,False,False,False,False,False,block_diagnostic_non_trigger,95.12731266021729
smallcnn_cifar10,adamw,11342,1,20,321290,6.021956368902862,0.00020023691467940807,0.00013897701865062118,0.0006127802189439535,1.4407915436867917,0.30845771144278605,69.5,0.648379819080967,-0.00041254330426454544,0.125,False,False,False,False,False,False,0.0059208944439888,0.004576456733047962,0.019313562661409378,1.293772625432789,0.3781094527363184,62.5,0.4783691479802242,-0.013392668217420578,0.09,False,False,False,False,False,False,block_diagnostic_non_trigger,95.20911049842834
