arch,optimizer,seed,rep,block_size,d_full,kinematic_R,geo_Lobs,geo_null_med,geo_null_max,geo_TSR,geo_pperm,geo_pct,geo_zrob,geo_delta,geo_zero_frac,geo_null_collapsed,geo_zrob_collapsed,geo_fallback,geo_separation_flag,geo_formal_trigger,geo_nominal_trigger,euc_Lobs,euc_null_med,euc_null_max,euc_TSR,euc_pperm,euc_pct,euc_zrob,euc_delta,euc_zero_frac,euc_null_collapsed,euc_zrob_collapsed,euc_fallback,euc_separation_flag,euc_formal_trigger,euc_nominal_trigger,decision,elapsed_sec
mlp2_mnist,adamw,342,0,1,203530,2.2886616231410697,0.003238925477489829,0.005111519247293472,0.08541247248649597,0.6336522118294231,0.8208955223880597,18.0,-1.143677579471796,-0.08217354700900614,0.07,False,False,False,False,False,False,0.015625,0.06366674602031708,0.9482914321124554,0.24541854227587495,0.9850746268656716,1.5,-2.736845614424223,-0.9326664321124554,0.0,False,False,False,False,False,False,matched_step_non_detection,68.48316955566406
mlp2_mnist,adamw,342,0,5,203530,2.2886616231410697,0.003238925477489829,0.00043831433868035674,0.05389702320098877,7.389503797324619,0.1691542288557214,83.5,4.983394556275002,-0.05065809772349894,0.24,False,False,False,False,False,False,0.015625,0.011763730552047491,1.3395913895219564,1.328235114663708,0.472636815920398,53.0,0.2585333646784555,-1.3239663895219564,0.035,False,False,False,False,False,False,block_diagnostic_non_trigger,67.52891969680786
mlp2_mnist,adamw,342,0,10,203530,2.2886616231410697,0.003238925477489829,0.0004915863100904971,0.017729580402374268,6.588721867183093,0.009950248756218905,99.5,7.546525502774309,-0.014490654924884439,0.045,False,False,False,False,True,True,0.015625,0.0064013004302978516,0.7571414113044739,2.4409102756066177,0.14427860696517414,86.0,1.9654959476898122,-0.7415164113044739,0.005,False,False,False,False,False,False,block_diagnostic_trigger,67.62049889564514
mlp2_mnist,adamw,342,0,20,203530,2.2886616231410697,0.003238925477489829,0.00058436777908355,0.037783265113830566,5.542614750297738,0.01990049751243781,98.5,6.143587944085617,-0.03454433963634074,0.015,False,False,False,False,True,True,0.015625,0.0057924906723201275,0.025595330633223057,2.697457947056839,0.1044776119402985,90.0,2.5942003227062695,-0.009970330633223057,0.005,False,False,False,False,False,False,block_diagnostic_trigger,68.23734045028687
