dataset,expected_beta1,n_sig_bars,k_used,bar_check,decision,expected_decision,correct,geo_Lobs,geo_null_med,geo_null_max,geo_TSR,geo_pperm,geo_pnull,geo_null_type,geo_pct,geo_zrob,geo_delta,geo_zero_frac,geo_null_collapsed,geo_zrob_collapsed,geo_fallback,geo_separation_flag,geo_formal_trigger,geo_nominal_trigger,N_SAMPLES,SUBSAMPLE,N_NULLS,GEODESIC_K,GEODESIC_MAX_K,GEODESIC_PCT,ALPHA,DELTA_MIN,LOBS_MULT,BAR_THRESH,elapsed_s
Circle,1,1,12,N/A,robust_recurrence,robust_recurrence,True,1.264036025851965,0.2105674371123314,0.42705708742141724,6.002998579365511,0.0033222591362126247,0.0033222591362126247,gaussian_empirical_static,100.0,30.019665389693113,0.8369789384305477,0.0,False,False,False,False,True,True,1200,600,300,12,50,95.0,0.05,0.001,5.0,0.1,14.7
Swiss Roll,0,8,12,N/A,robust_recurrence,no_recurrence,False,0.8000862300395966,0.20631328970193863,0.37716084718704224,3.878015959086326,0.0033222591362126247,0.0033222591362126247,gaussian_empirical_static,100.0,20.072946305162855,0.4229253828525543,0.0,False,False,False,False,True,True,1200,600,300,12,50,95.0,0.05,0.001,5.0,0.1,13.0
Torus,2,26,12,26/2 PASS,robust_recurrence,robust_recurrence,True,0.8302491307258606,0.2053467109799385,0.34991392493247986,4.0431576759119805,0.0033222591362126247,0.0033222591362126247,gaussian_empirical_static,100.0,20.898269190264177,0.48033520579338074,0.0,False,False,False,False,True,True,1200,600,300,12,50,95.0,0.05,0.001,5.0,0.1,13.2
Figure-8,2,2,12,2/2 PASS,robust_recurrence,robust_recurrence,True,0.9064792543649673,0.20505637675523758,0.37351325154304504,4.420634308985923,0.0033222591362126247,0.0033222591362126247,gaussian_empirical_static,100.0,20.272597413471946,0.5329660028219223,0.0,False,False,False,False,True,True,1200,600,300,12,50,95.0,0.05,0.001,5.0,0.1,11.9
